<?xml version="1.0" encoding="UTF-8"?>
<definitions xmlns="http://www.omg.org/spec/BPMN/20100524/MODEL" xmlns:xsi="http://www.w3.org/2001/XMLSchema-instance" xmlns:activiti="http://activiti.org/bpmn" xmlns:bpmndi="http://www.omg.org/spec/BPMN/20100524/DI" xmlns:omgdc="http://www.omg.org/spec/DD/20100524/DC" xmlns:omgdi="http://www.omg.org/spec/DD/20100524/DI" typeLanguage="http://www.w3.org/2001/XMLSchema" expressionLanguage="http://www.w3.org/1999/XPath" targetNamespace="http://www.activiti.org/test">
  <process id="Vocation-flow" name="Leave Application Flow" isExecutable="true">
    <documentation>Place documentation for the 'vocation-flow' process here.</documentation>
    <startEvent id="request" name="Start" activiti:formKey="leave/form/leave-form"></startEvent>
    <userTask id="handleRequest" name="Request Approve" activiti:candidateGroups="management" activiti:formKey="leave/form/approve-form">
      <documentation>Vacation request by ${employeeName}</documentation>
    </userTask>
    <exclusiveGateway id="requestApprovedDecision" name="Request approved?"></exclusiveGateway>
    <serviceTask id="sendApprovalMail" name="Send Confirm Email" activiti:class="com.paul.leave.service.BackwardsCompatibleExpressionDelegate"></serviceTask>
    <endEvent id="endevent1" name="End"></endEvent>
    <userTask id="adjustVacationRequestTask" name="Adjust Leave Application" activiti:assignee="${employeeName}" activiti:formKey="leave/form/adjust-form">
      <documentation>Your manager has not approved your vacation request.</documentation>
    </userTask>
    <exclusiveGateway id="resendRequestDecision" name="Resend request?"></exclusiveGateway>
    <endEvent id="endevent2" name="End"></endEvent>
    <sequenceFlow id="flow1" sourceRef="request" targetRef="handleRequest"></sequenceFlow>
    <sequenceFlow id="flow2" sourceRef="handleRequest" targetRef="requestApprovedDecision"></sequenceFlow>
    <sequenceFlow id="flow4" sourceRef="sendApprovalMail" targetRef="endevent1"></sequenceFlow>
    <sequenceFlow id="flow5" sourceRef="requestApprovedDecision" targetRef="adjustVacationRequestTask">
      <conditionExpression xsi:type="tFormalExpression"><![CDATA[${!vacationApproved}]]></conditionExpression>
    </sequenceFlow>
    <sequenceFlow id="flow7" sourceRef="resendRequestDecision" targetRef="endevent2">
      <conditionExpression xsi:type="tFormalExpression"><![CDATA[${!resendRequest}]]></conditionExpression>
    </sequenceFlow>
    <sequenceFlow id="flow8" sourceRef="adjustVacationRequestTask" targetRef="resendRequestDecision"></sequenceFlow>
    <sequenceFlow id="flow9" sourceRef="requestApprovedDecision" targetRef="sendApprovalMail">
      <conditionExpression xsi:type="tFormalExpression"><![CDATA[${vacationApproved}]]></conditionExpression>
    </sequenceFlow>
    <sequenceFlow id="flow10" sourceRef="resendRequestDecision" targetRef="handleRequest">
      <conditionExpression xsi:type="tFormalExpression"><![CDATA[${resendRequest}]]></conditionExpression>
    </sequenceFlow>
  </process>
  <bpmndi:BPMNDiagram id="BPMNDiagram_Vocation-flow">
    <bpmndi:BPMNPlane bpmnElement="Vocation-flow" id="BPMNPlane_Vocation-flow">
      <bpmndi:BPMNShape bpmnElement="request" id="BPMNShape_request">
        <omgdc:Bounds height="35.0" width="35.0" x="20.0" y="120.0"></omgdc:Bounds>
      </bpmndi:BPMNShape>
      <bpmndi:BPMNShape bpmnElement="handleRequest" id="BPMNShape_handleRequest">
        <omgdc:Bounds height="55.0" width="105.0" x="100.0" y="110.0"></omgdc:Bounds>
      </bpmndi:BPMNShape>
      <bpmndi:BPMNShape bpmnElement="requestApprovedDecision" id="BPMNShape_requestApprovedDecision">
        <omgdc:Bounds height="40.0" width="40.0" x="270.0" y="117.0"></omgdc:Bounds>
      </bpmndi:BPMNShape>
      <bpmndi:BPMNShape bpmnElement="sendApprovalMail" id="BPMNShape_sendApprovalMail">
        <omgdc:Bounds height="55.0" width="105.0" x="350.0" y="40.0"></omgdc:Bounds>
      </bpmndi:BPMNShape>
      <bpmndi:BPMNShape bpmnElement="endevent1" id="BPMNShape_endevent1">
        <omgdc:Bounds height="35.0" width="35.0" x="504.0" y="50.0"></omgdc:Bounds>
      </bpmndi:BPMNShape>
      <bpmndi:BPMNShape bpmnElement="adjustVacationRequestTask" id="BPMNShape_adjustVacationRequestTask">
        <omgdc:Bounds height="55.0" width="105.0" x="350.0" y="180.0"></omgdc:Bounds>
      </bpmndi:BPMNShape>
      <bpmndi:BPMNShape bpmnElement="resendRequestDecision" id="BPMNShape_resendRequestDecision">
        <omgdc:Bounds height="40.0" width="40.0" x="497.0" y="187.0"></omgdc:Bounds>
      </bpmndi:BPMNShape>
      <bpmndi:BPMNShape bpmnElement="endevent2" id="BPMNShape_endevent2">
        <omgdc:Bounds height="35.0" width="35.0" x="580.0" y="260.0"></omgdc:Bounds>
      </bpmndi:BPMNShape>
      <bpmndi:BPMNEdge bpmnElement="flow1" id="BPMNEdge_flow1">
        <omgdi:waypoint x="55.0" y="137.0"></omgdi:waypoint>
        <omgdi:waypoint x="100.0" y="137.0"></omgdi:waypoint>
      </bpmndi:BPMNEdge>
      <bpmndi:BPMNEdge bpmnElement="flow2" id="BPMNEdge_flow2">
        <omgdi:waypoint x="205.0" y="137.0"></omgdi:waypoint>
        <omgdi:waypoint x="270.0" y="137.0"></omgdi:waypoint>
      </bpmndi:BPMNEdge>
      <bpmndi:BPMNEdge bpmnElement="flow4" id="BPMNEdge_flow4">
        <omgdi:waypoint x="455.0" y="67.0"></omgdi:waypoint>
        <omgdi:waypoint x="504.0" y="67.0"></omgdi:waypoint>
      </bpmndi:BPMNEdge>
      <bpmndi:BPMNEdge bpmnElement="flow5" id="BPMNEdge_flow5">
        <omgdi:waypoint x="290.0" y="157.0"></omgdi:waypoint>
        <omgdi:waypoint x="290.0" y="207.0"></omgdi:waypoint>
        <omgdi:waypoint x="350.0" y="207.0"></omgdi:waypoint>
      </bpmndi:BPMNEdge>
      <bpmndi:BPMNEdge bpmnElement="flow7" id="BPMNEdge_flow7">
        <omgdi:waypoint x="517.0" y="227.0"></omgdi:waypoint>
        <omgdi:waypoint x="517.0" y="277.0"></omgdi:waypoint>
        <omgdi:waypoint x="580.0" y="277.0"></omgdi:waypoint>
      </bpmndi:BPMNEdge>
      <bpmndi:BPMNEdge bpmnElement="flow8" id="BPMNEdge_flow8">
        <omgdi:waypoint x="455.0" y="207.0"></omgdi:waypoint>
        <omgdi:waypoint x="497.0" y="207.0"></omgdi:waypoint>
      </bpmndi:BPMNEdge>
      <bpmndi:BPMNEdge bpmnElement="flow9" id="BPMNEdge_flow9">
        <omgdi:waypoint x="290.0" y="117.0"></omgdi:waypoint>
        <omgdi:waypoint x="290.0" y="67.0"></omgdi:waypoint>
        <omgdi:waypoint x="350.0" y="67.0"></omgdi:waypoint>
      </bpmndi:BPMNEdge>
      <bpmndi:BPMNEdge bpmnElement="flow10" id="BPMNEdge_flow10">
        <omgdi:waypoint x="517.0" y="227.0"></omgdi:waypoint>
        <omgdi:waypoint x="472.0" y="283.0"></omgdi:waypoint>
        <omgdi:waypoint x="152.0" y="283.0"></omgdi:waypoint>
        <omgdi:waypoint x="152.0" y="165.0"></omgdi:waypoint>
      </bpmndi:BPMNEdge>
    </bpmndi:BPMNPlane>
  </bpmndi:BPMNDiagram>
</definitions>